<?xml version="1.0" encoding="UTF-8"?>
<?xml-stylesheet href="xmltv-lineups.xsl" type="application/xml"?>
<xmltv-lineups modified="2012-06-10T08:27:12 +0100" generator-info-name="XMLTV lineup generator for UK &amp; Eire" generator-info-url="https://github.com/knowledgejunkie/">
  <xmltv-lineup id="freesat">
    <type>DTV</type>
    <display-name lang="en-GB">Freesat</display-name>
    <availability area="country">England</availability>
    <availability area="country">Scotland</availability>
    <availability area="country">Wales</availability>
    <availability area="country">Northern Ireland</availability>
    <availability area="country">Ireland</availability>
  </xmltv-lineup>
  <xmltv-lineup id="freesatfromsky">
    <type>STB</type>
    <display-name lang="en-GB">Sky (Freesat from Sky)</display-name>
    <availability area="country">England</availability>
    <availability area="country">Scotland</availability>
    <availability area="country">Wales</availability>
    <availability area="country">Northern Ireland</availability>
    <availability area="country">Ireland</availability>
  </xmltv-lineup>
  <xmltv-lineup id="freesathd">
    <type>DTV</type>
    <display-name lang="en-GB">Freesat HD</display-name>
    <availability area="country">England</availability>
    <availability area="country">Scotland</availability>
    <availability area="country">Wales</availability>
    <availability area="country">Northern Ireland</availability>
    <availability area="country">Ireland</availability>
  </xmltv-lineup>
  <xmltv-lineup id="freeview">
    <type>DTV</type>
    <display-name lang="en-GB">Freeview</display-name>
    <availability area="country">England</availability>
    <availability area="country">Scotland</availability>
    <availability area="country">Wales</availability>
    <availability area="country">Northern Ireland</availability>
  </xmltv-lineup>
  <xmltv-lineup id="freeviewhd">
    <type>DTV</type>
    <display-name lang="en-GB">Freeview HD</display-name>
    <availability area="country">England</availability>
    <availability area="country">Scotland</availability>
    <availability area="country">Wales</availability>
    <availability area="country">Northern Ireland</availability>
  </xmltv-lineup>
  <xmltv-lineup id="saorview">
    <type>DTV</type>
    <display-name lang="en-GB">Saorview</display-name>
    <availability area="country">Ireland</availability>
  </xmltv-lineup>
  <xmltv-lineup id="sky">
    <type>STB</type>
    <display-name lang="en-GB">Sky</display-name>
    <availability area="country">England</availability>
    <availability area="country">Scotland</availability>
    <availability area="country">Wales</availability>
    <availability area="country">Northern Ireland</availability>
    <availability area="country">Ireland</availability>
  </xmltv-lineup>
  <xmltv-lineup id="skyhd">
    <type>STB</type>
    <display-name lang="en-GB">Sky HD</display-name>
    <availability area="country">England</availability>
    <availability area="country">Scotland</availability>
    <availability area="country">Wales</availability>
    <availability area="country">Northern Ireland</availability>
    <availability area="country">Ireland</availability>
  </xmltv-lineup>
  <xmltv-lineup id="upcireland">
    <type>STB</type>
    <display-name lang="en-GB">UPC Ireland</display-name>
    <availability area="country">Ireland</availability>
  </xmltv-lineup>
  <xmltv-lineup id="upcirelandhd">
    <type>STB</type>
    <display-name lang="en-GB">UPC Ireland HD</display-name>
    <availability area="country">Ireland</availability>
  </xmltv-lineup>
  <xmltv-lineup id="virgin">
    <type>STB</type>
    <display-name lang="en-GB">Virgin TV</display-name>
    <availability area="country">England</availability>
    <availability area="country">Scotland</availability>
    <availability area="country">Wales</availability>
    <availability area="country">Northern Ireland</availability>
  </xmltv-lineup>
  <xmltv-lineup id="virginhd">
    <type>STB</type>
    <display-name lang="en-GB">Virgin TV HD</display-name>
    <availability area="country">England</availability>
    <availability area="country">Scotland</availability>
    <availability area="country">Wales</availability>
    <availability area="country">Northern Ireland</availability>
  </xmltv-lineup>
</xmltv-lineups>
